District,Teachers,2013-14,2017-18,2018-19
Alameda County Office of Ed. (Alameda),27,95411,113612,114268
New Haven Unified (Alameda),566,85169,96554,100808
Pleasanton Unified (Alameda),753,85593,92066,93992
Hayward Unified (Alameda),1042,78802,90195,93878
Fremont Unified (Alameda),1734,78936,89130,92747
San Leandro Unified (Alameda),465,,90101,91590
Dublin Unified (Alameda),577,76471,85965,89164
Newark Unified (Alameda),279,81193,87940,88267
Castro Valley Unified (Alameda),468,71745,82309,85951
Piedmont City Unified (Alameda),146,73211,,82005
Livermore Valley Joint Unified (Alameda),724,70541,79725,80447
Alameda Unified (Alameda),499,68089,73425,77156
Berkeley Unified (Alameda),654,70036,75962,76974
Albany City Unified (Alameda),229,67193,75487,76931
Oakland Unified (Alameda),2102,55670,63149,63134
Alpine County Unified (Alpine),11,57316,62478,61368
Amador County Unified (Amador),170,62312,71860,68318
Thermalito Union Elementary (Butte),94,70831,79136,83653
Oroville City Elementary (Butte),125,71534,78338,79975
Manzanita Elementary (Butte),15,,null,78071
Gridley Unified (Butte),103,62701,75807,77020
Palermo Union Elementary (Butte),72,63720,71747,74689
Chico Unified (Butte),694,62700,68670,73366
Oroville Union High (Butte),113,64014,72352,72761
Durham Unified (Butte),57,64486,67400,69054
Paradise Unified (Butte),176,61262,64951,66202
Butte County Office of Ed. (Butte),129,59152,63561,64875
Pioneer Union Elementary (Butte),3,,62615,63245
Biggs Unified (Butte),38,51765,57808,57050
Feather Falls Un Elementary (Butte),1,47961,55035,56961
Bret Harte Union High (Calaveras),39,79128,86125,86125
Calaveras Unified (Calaveras),125,63695,70387,72239
Vallecito Union Elementary (Calaveras),35,68236,66170,69346
Calaveras County Office of Ed. (Calaveras),24,53416,62409,65303
Mark Twain Union Elementary (Calaveras),41,58253,62656,64201
Pierce Joint Unified (Colusa),73,61695,70741,72311
Colusa Unified (Colusa),77,63189,70849,71180
Colusa County Office of Ed. (Colusa),25,68342,67643,70322
Williams Unified (Colusa),72,62986,68237,67443
Maxwell Unified (Colusa),21,60545,61437,66426
Acalanes Union High (Contra Costa),288,82212,90291,93706
Brentwood Union Elementary (Contra Costa),439,76276,84546,85716
Contra Costa County Office of Ed. (Contra Costa),78,70267,80807,84448
Antioch Unified (Contra Costa),815,71542,79380,82914
Byron Union Elementary (Contra Costa),70,68672,79071,82088
Liberty Union High (Contra Costa),378,67084,79476,81924
San Ramon Valley Unified (Contra Costa),1485,70168,77512,80847
Mt. Diablo Unified (Contra Costa),1623,66040,78217,79123
Walnut Creek Elementary (Contra Costa),188,75579,78634,78763
Oakley Union Elementary (Contra Costa),232,67255,73766,77203
Moraga Elementary (Contra Costa),98,66361,74887,76267
Lafayette Elementary (Contra Costa),198,69711,77326,76128
Martinez Unified (Contra Costa),201,66259,72226,75938
Orinda Union Elementary (Contra Costa),138,70277,74670,75845
Pittsburg Unified (Contra Costa),594,60747,73938,74828
West Contra Costa Unified (Contra Costa),1411,58595,70833,74094
Knightsen Elementary (Contra Costa),30,66094,70027,70763
John Swett Unified (Contra Costa),85,59502,67428,69861
Del Norte County Unified (Del Norte),214,60981,66169,69119
El Dorado Union High (El Dorado),253,73816,82102,84627
Rescue Union Elementary (El Dorado),190,70873,78162,77846
Lake Tahoe Unified (El Dorado),227,68166,74027,76991
Buckeye Union Elementary (El Dorado),224,66738,75112,74972
El Dorado County Office of Ed. (El Dorado),65,68496,73089,74374
Latrobe Elementary (El Dorado),10,,null,72479
Camino Union Elementary (El Dorado),29,63604,72621,71626
Placerville Union Elementary (El Dorado),63,61525,66339,68973
Mother Lode Union Elementary (El Dorado),52,60089,66136,68338
Black Oak Mine Unified (El Dorado),54,61983,61857,63221
Gold Oak Union Elementary (El Dorado),25,62434,58096,59481
Pioneer Union Elementary (El Dorado),18,61236,56442,56816
Kingsburg Joint Union High (Fresno),56,72136,81676,82638
Selma Unified (Fresno),355,68081,null,81123
Fresno Unified (Fresno),3883,67859,78444,79907
Central Unified (Fresno),715,64655,72134,76017
Kerman Unified (Fresno),237,61413,72326,74628
Coalinga/Huron Unified (Fresno),233,66080,72738,74481
Kings Canyon Joint Unified (Fresno),460,64663,72534,73751
Riverdale Joint Unified (Fresno),83,59362,71484,73006
Fowler Unified (Fresno),134,60802,70587,72939
Sierra Unified (Fresno),69,64100,68810,72309
Clovis Unified (Fresno),1893,64825,70643,72296
Sanger Unified (Fresno),621,61118,67623,71234
Mendota Unified (Fresno),164,59105,68749,71200
Caruthers Unified (Fresno),79,58273,68011,71055
Pine Ridge Elementary (Fresno),9,60821,70991,70661
Firebaugh-Las Deltas Unified (Fresno),116,57504,69691,70504
Parlier Unified (Fresno),166,,67443,69137
Clay Joint Elementary (Fresno),12,59585,68378,67162
Washington Unified (Fresno),143,56117,67007,67030
Kingsburg Joint Union Elementary (Fresno),109,61407,63303,66400
Laton Joint Unified (Fresno),46,53866,57437,56510
Alvina Elementary (Fresno),12,42580,null,45944
Willows Unified (Glenn),73,75483,83053,83072
Orland Joint Unified (Glenn),119,61462,65518,68968
Hamilton Unified (Glenn),42,61964,64281,65707
Plaza Elementary (Glenn),9,60313,59733,59881
Cutten Elementary (Humboldt),31,65706,63777,66431
Jacoby Creek Elementary (Humboldt),23,,62017,65794
Fortuna Union High (Humboldt),64,61058,63964,65111
Pacific Union Elementary (Humboldt),33,58429,64767,64250
Fortuna Elementary (Humboldt),71,58366,61529,63174
Klamath-Trinity Joint Unified (Humboldt),76,59365,62139,62224
Eureka City Unified (Humboldt),195,60585,60210,61076
Arcata Elementary (Humboldt),33,57980,null,60918
Humboldt County Office of Ed. (Humboldt),84,55448,58631,59564
Orick Elementary (Humboldt),3,0,56982,59391
Ferndale Unified (Humboldt),36,55806,null,59168
South Bay Union Elementary (Humboldt),28,51757,56547,56393
Cuddeback Union Elementary (Humboldt),10,47872,53005,53857
Southern Humboldt Jt Unified (Humboldt),46,53119,53680,53656
Mattole Unified (Humboldt),6,42441,45835,49987
Brawley Elementary (Imperial),189,76074,94900,101712
Brawley Union High (Imperial),84,79788,95975,99436
Imperial Unified (Imperial),190,74789,90551,96226
Central Union High (Imperial),216,72024,89226,92739
El Centro Elementary (Imperial),232,76291,88426,91069
Meadows Union Elementary (Imperial),24,72293,78301,81618
Calexico Unified (Imperial),471,66086,80422,80998
Heber Elementary (Imperial),62,62489,78324,80442
Mccabe Union Elementary (Imperial),57,65553,75182,79557
Holtville Unified (Imperial),101,67441,75166,78977
San Pasqual Valley Unified (Imperial),52,64587,76270,78969
Westmorland Union Elementary (Imperial),22,61913,72094,72724
Imperial County Office of Ed. (Imperial),75,62395,69731,71652
Bishop Unified (Inyo),106,67229,73467,75139
Owens Valley Unified (Inyo),8,0,71815,74660
Lone Pine Unified (Inyo),15,63479,71129,74324
Big Pine Unified (Inyo),16,63641,66680,64713
Round Valley Joint Elementary (Inyo),9,53218,58700,61448
Death Valley Unified (Inyo),4,51112,62014,60636
Taft Union High (Kern),61,84737,89815,88610
Kern Union High (Kern),1880,68624,76436,78259
Delano Union Elementary (Kern),330,64953,74947,77741
Panama-Buena Vista Union Elem. (Kern),890,68284,74220,76003
Greenfield Union Elementary (Kern),427,66310,74173,75729
Arvin Union Elementary (Kern),144,65770,72068,75658
Wasco Union High (Kern),85,66766,null,75513
Mcfarland Unified (Kern),154,61782,73030,74781
Richland Union Elementary (Kern),174,66167,72198,74644
Rosedale Union Elementary (Kern),281,65529,72117,73719
Bakersfield City Elementary (Kern),1750,63494,72033,73608
Mojave Unified (Kern),138,64387,74367,73594
Belridge Elementary (Kern),2,65797,66628,73190
Fruitvale Elementary (Kern),151,67317,72896,72769
Delano Joint Union High (Kern),207,60360,70163,72292
Standard Elementary (Kern),151,66932,67555,71363
Midway Elementary (Kern),6,65918,75340,70394
Southern Kern Unified (Kern),194,64083,65579,70140
Wasco Union Elementary (Kern),187,63931,67536,70053
Fairfax Elementary (Kern),139,60287,null,69963
Taft City Elementary (Kern),110,55539,66575,69273
Sierra Sands Unified (Kern),253,59420,63270,68495
Tehachapi Unified (Kern),202,62828,64378,68248
Kern County Office of Ed. (Kern),190,62049,65927,67937
Rio Bravo-Greeley Un Elementary (Kern),49,59534,66360,67464
Di Giorgio Elementary (Kern),11,0,66098,66410
Kernville Union Elementary (Kern),49,56540,63598,66006
Muroc Joint Unified (Kern),92,60903,63417,65787
Buttonwillow Union Elementary (Kern),19,50965,60304,65448
Beardsley Elementary (Kern),100,55788,64930,64553
Edison Elementary (Kern),55,57972,62989,64172
South Fork Union Elementary (Kern),13,56926,56999,57957
Blake Elementary (Kern),1,39080,53490,55235
Caliente Union Elementary (Kern),3,38490,42284,43236
Central Union Elementary (Kings),101,76400,83969,87956
Kit Carson Union Elementary (Kings),22,72879,79568,80405
Hanford Elementary (Kings),277,62241,76124,79650
Hanford Joint Union High (Kings),156,68428,76815,78722
Pioneer Union Elementary (Kings),70,66542,73524,75692
Corcoran Joint Unified (Kings),174,64174,72191,75061
Reef-Sunset Unified (Kings),138,61909,71576,73702
Armona Union Elementary (Kings),47,66360,73911,73553
Lemoore Union Elementary (Kings),159,63127,71278,73309
Lemoore Union High (Kings),116,63465,72546,73180
Island Union Elementary (Kings),19,0,null,68998
Kings County Office of Ed. (Kings),53,60204,65514,64188
Lakeside Union Elementary (Kings),17,0,58264,59720
Lake County Office of Ed. (Lake),4,59317,57883,62484
Lakeport Unified (Lake),86,57762,62918,62141
Upper Lake Unified (Lake),44,56279,60677,61487
Kelseyville Unified (Lake),119,59764,null,61193
Konocti Unified (Lake),176,54679,59310,61054
Middletown Unified (Lake),73,61495,58876,58871
Lucerne Elementary (Lake),15,55072,55968,57112
Lassen Union High (Lassen),36,61119,72735,71893
Janesville Union Elementary (Lassen),17,64584,73387,71864
Shaffer Union Elementary (Lassen),9,71938,67072,67914
Lassen County Office of Ed. (Lassen),19,55076,66203,66203
Susanville Elementary (Lassen),55,61667,60106,61399
Richmond Elementary (Lassen),9,0,null,60798
Westwood Unified (Lassen),11,0,53398,57353
Johnstonville Elementary (Lassen),9,53794,54095,56788
Big Valley Joint Unified (Lassen),10,44147,51480,55205
Ravendale Elementary (Lassen),1,0,50676,52196
Valle Lindo Elementary (Los Angeles),51,0,null,103682
Arcadia Unified (Los Angeles),420,86343,96806,100048
Whittier Union High (Los Angeles),508,81985,93678,97882
Mountain View Elementary (Los Angeles),331,90907,94271,97079
Montebello Unified (Los Angeles),1061,80595,92156,97044
Downey Unified (Los Angeles),1043,82765,94444,97043
Beverly Hills Unified (Los Angeles),244,77311,91600,96651
Long Beach Unified (Los Angeles),3302,81046,92033,94044
Baldwin Park Unified (Los Angeles),615,0,93995,93976
Rosemead Elementary (Los Angeles),125,80079,91009,93230
Norwalk-La Mirada Unified (Los Angeles),822,76984,88239,92057
El Monte City Elementary (Los Angeles),417,77876,88613,91914
Lawndale Elementary (Los Angeles),298,77666,88914,91826
Lennox Elementary (Los Angeles),272,79902,90391,90892
Hacienda La Puente Unified (Los Angeles),898,72680,85985,89841
Manhattan Beach Unified (Los Angeles),299,75424,86968,89618
Paramount Unified (Los Angeles),761,75970,86611,89306
Charter Oak Unified (Los Angeles),199,78072,86798,89257
El Monte Union High (Los Angeles),322,72880,87588,88746
Covina-Valley Unified (Los Angeles),558,78739,86785,88603
Glendora Unified (Los Angeles),364,78139,88137,88602
La Canada Unified (Los Angeles),192,73551,85538,88346
Rowland Unified (Los Angeles),650,71696,87681,87873
East Whittier City Elementary (Los Angeles),367,73929,85025,87617
Alhambra Unified (Los Angeles),845,72586,85364,87578
Redondo Beach Unified (Los Angeles),475,72814,84193,87394
Azusa Unified (Los Angeles),425,74761,84887,87388
Temple City Unified (Los Angeles),253,73975,82908,87228
Palos Verdes Peninsula Unified (Los Angeles),492,72674,83508,86996
Wiseburn Unified (Los Angeles),121,null,85478,86889
South Pasadena Unified (Los Angeles),214,76740,84070,86729
Lowell Joint Elementary (Los Angeles),136,78806,85119,86507
Bonita Unified (Los Angeles),434,73404,83872,86504
Hermosa Beach City Elementary (Los Angeles),56,72688,null,86462
Garvey Elementary (Los Angeles),251,76775,85086,85197
San Marino Unified (Los Angeles),162,75187,83198,85167
El Segundo Unified (Los Angeles),172,71399,82856,84830
Abc Unified (Los Angeles),923,76197,82836,84747
Glendale Unified (Los Angeles),1122,73818,84419,84524
Claremont Unified (Los Angeles),266,73826,83381,84319
South Whittier Elementary (Los Angeles),131,72851,82569,84220
Walnut Valley Unified (Los Angeles),614,75800,81644,83974
Santa Monica-Malibu Unified (Los Angeles),604,76471,82621,83374
Compton Unified (Los Angeles),1048,72229,82586,83364
Hawthorne Elementary (Los Angeles),433,72988,81882,82869
Bellflower Unified (Los Angeles),545,72539,82468,82831
Palmdale Elementary (Los Angeles),809,67409,81835,82826
Saugus Union Elementary (Los Angeles),445,77938,81332,82592
Antelope Valley Union High (Los Angeles),986,69481,81125,82528
Las Virgenes Unified (Los Angeles),560,69512,79653,82404
Culver City Unified (Los Angeles),347,68710,82239,82358
Bassett Unified (Los Angeles),149,73767,81404,82204
Lynwood Unified (Los Angeles),664,68194,79588,82065
Lancaster Elementary (Los Angeles),653,70969,82064,81631
Pomona Unified (Los Angeles),1214,76767,81287,81620
El Rancho Unified (Los Angeles),397,69720,80688,81373
Burbank Unified (Los Angeles),713,72762,78896,81259
Whittier City Elementary (Los Angeles),233,70286,79117,81174
Duarte Unified (Los Angeles),179,70605,75872,81152
Eastside Elementary (Los Angeles),168,70800,78497,81028
Torrance Unified (Los Angeles),1029,73119,79863,80717
West Covina Unified (Los Angeles),440,70575,77818,80671
San Gabriel Unified (Los Angeles),250,69390,77895,80428
William S. Hart Union High (Los Angeles),943,72381,78855,80182
Centinela Valley High (Los Angeles),311,0,77364,79316
Little Lake City Elementary (Los Angeles),222,71193,77084,79301
Monrovia Unified (Los Angeles),264,73948,78403,79117
Westside Union Elementary (Los Angeles),422,75079,77864,78979
Los Angeles Unified (Los Angeles),23670,68881,74789,78962
Wilsona Elementary (Los Angeles),64,64945,77966,77696
Sulphur Springs Un Elementary (Los Angeles),241,71674,75564,76145
Newhall Elementary (Los Angeles),320,69039,74700,75918
Inglewood Unified (Los Angeles),430,68075,74195,73123
Pasadena Unified (Los Angeles),841,70542,73519,72871
Castaic Union Elementary (Los Angeles),95,71595,69300,69430
Chowchilla Elementary (Madera),108,59454,73946,77192
Madera Unified (Madera),1047,63186,74582,75518
Chowchilla Union High (Madera),53,58746,66928,67836
Yosemite Unified (Madera),74,65167,65298,67763
Madera County Office of Ed. (Madera),109,62980,65810,67183
Golden Valley Unified (Madera),98,58373,63333,65410
Alview-Dairyland Un Elementary (Madera),18,54579,63842,64291
Bass Lake Elementary (Madera),44,56184,60765,64019
Chawanakee Joint Unified (Madera),68,53642,null,55441
Tamalpais Union High (Marin),306,91803,100859,102469
San Rafael City High (Marin),110,0,99654,100514
Marin County Office of Ed. (Marin),55,0,90756,92782
Mill Valley Elementary (Marin),180,79273,87131,91128
Reed Union Elementary (Marin),85,80030,91405,90107
Larkspur-Corte Madera Elem. (Marin),90,77790,86450,89157
Shoreline Unified (Marin),47,79806,85157,87808
Kentfield Elementary (Marin),82,79212,85633,87266
Ross Elementary (Marin),33,77112,85407,87215
San Rafael City Elementary (Marin),173,0,78604,85468
Sausalito-Marin City Elementary (Marin),10,72292,80127,85458
Dixie Elementary (Marin),108,75692,84135,84685
Lagunitas Elementary (Marin),12,0,81905,79957
Novato Unified (Marin),383,66164,76517,79435
Ross Valley Elementary (Marin),116,69044,74413,74843
Mariposa County Unified (Mariposa),100,59295,62852,62676
Mendocino County Office of Ed. (Mendocino),19,58317,67747,69626
Ukiah Unified (Mendocino),341,62644,65139,67505
Round Valley Unified (Mendocino),31,54760,54662,58578
Willits Unified (Mendocino),96,53718,56792,58289
Point Arena School Districts (Mendocino),29,53994,57358,57730
Fort Bragg Unified (Mendocino),108,51539,56284,57388
Laytonville Unified (Mendocino),27,54635,57272,57167
Anderson Valley Unified (Mendocino),30,53576,55948,55948
Leggett Valley Unified (Mendocino),12,48475,51449,54304
Potter Valley Community Unified (Mendocino),18,48446,54458,52437
Merced City Elementary (Merced),501,76080,90216,92744
Weaver Union Elementary (Merced),154,72223,null,88496
Delhi Unified (Merced),127,71477,81733,85336
Los Banos Unified (Merced),488,68494,null,84937
Livingston Union Elementary (Merced),119,73644,80923,83522
Merced Union High (Merced),582,66901,77330,79619
Winton Elementary (Merced),95,67561,76938,79240
Atwater Elementary (Merced),237,71175,78946,78647
Hilmar Unified (Merced),124,65696,74626,77734
Planada Elementary (Merced),43,66647,73418,76139
Dos Palos-Oro Loma Jt Unified (Merced),118,64910,71218,76099
Mcswain Union Elementary (Merced),50,65010,73384,72883
Le Grand Union Elementary (Merced),19,59988,73959,71902
Merced County Office of Ed. (Merced),148,61313,66671,71430
Le Grand Union High (Merced),24,62446,null,67893
El Nido Elementary (Merced),9,51023,64579,67847
Ballico-Cressey Elementary (Merced),25,54788,56790,57363
Merced River Union Elementary (Merced),10,54582,55362,56568
Plainsburg Union Elementary (Merced),5,37219,48779,49256
Tulelake Basin Joint Unified (Modoc),26,67413,72507,74614
Modoc Joint Unified (Modoc),49,52601,56057,57806
Modoc County Office of Ed. (Modoc),11,61226,52895,55205
Surprise Valley Joint Unified (Modoc),8,44465,46550,47689
Mammoth Unified (Mono),66,66662,72604,75293
Eastern Sierra Unified (Mono),37,0,67253,70181
Carmel Unified (Monterey),175,93279,110289,111761
Pacific Grove Unified (Monterey),136,79702,97069,101545
South Monterey Jt Union High (Monterey),112,72513,80935,83907
Salinas Union High (Monterey),829,68981,79597,79950
Monterey County Office of Ed. (Monterey),116,70249,75091,77759
Gonzales Unified (Monterey),115,65507,76161,77698
North Monterey County Unified (Monterey),176,62031,73512,77557
Alisal Union Elementary (Monterey),394,66202,72451,74617
Salinas City Elementary (Monterey),460,63575,70719,73054
Greenfield Union Elementary (Monterey),164,54884,null,72299
Santa Rita Union Elementary (Monterey),148,65317,72203,72168
Soledad Unified (Monterey),248,65288,70294,71993
King City Union Elementary (Monterey),158,58006,68983,69235
Monterey Peninsula Unified (Monterey),510,61189,67601,67488
Washington Union Elementary (Monterey),42,63793,65236,67321
Spreckels Union Elementary (Monterey),47,57477,64731,66059
Mission Union Elementary (Monterey),8,53544,59869,62869
Graves Elementary (Monterey),2,0,60707,62529
Chualar Union Elementary (Monterey),16,0,57812,56619
Lagunita Elementary (Monterey),5,50471,50567,52879
Big Sur Unified (Monterey),6,0,46308,46630
San Lucas Union Elementary (Monterey),4,44717,50522,44733
St. Helena Unified (Napa),94,102749,123191,127866
Calistoga Joint Unified (Napa),55,0,null,106954
Napa Valley Unified (Napa),863,71415,78177,81717
Howell Mountain Elementary (Napa),6,0,null,76383
Pleasant Ridge Un Elementary (Nevada),55,72056,75706,76299
Nevada Joint Union High (Nevada),152,66661,72949,74169
Union Hill Elementary (Nevada),36,70560,69603,72170
Grass Valley Elementary (Nevada),78,63286,71452,71949
Nevada City Elementary (Nevada),44,62264,66221,68110
Penn Valley Union Elementary (Nevada),27,null,64798,65388
Clear Creek Elementary (Nevada),9,58425,63544,64531
Nevada County Office of Ed. (Nevada),19,62281,63066,62638
Chicago Park Elementary (Nevada),10,54010,57818,58633
Laguna Beach Unified (Orange),151,94725,105547,106910
Los Alamitos Unified (Orange),415,86659,101506,103720
Garden Grove Unified (Orange),1902,84242,96657,100324
Fullerton Joint Union High (Orange),553,88636,99610,98049
Orange County Office of Ed. (Orange),249,89241,95963,97518
Anaheim Union High (Orange),1276,88375,93017,97259
Newport-Mesa Unified (Orange),1004,83555,94378,96260
Huntington Beach Union High (Orange),679,81891,93803,95427
Centralia Elementary (Orange),192,82274,91674,95166
Santa Ana Unified (Orange),2348,81556,94982,94411
Magnolia Elementary (Orange),303,82102,90857,93858
Huntington Beach City Elem. (Orange),290,80841,92511,93404
La Habra City Elementary (Orange),232,79315,91713,93160
Westminster Elementary (Orange),457,75389,90035,92836
Buena Park Elementary (Orange),243,83126,90728,92155
Ocean View Elementary (Orange),377,78256,89638,91766
Fullerton Elementary (Orange),557,79810,91359,91359
Anaheim Elementary (Orange),870,83022,90647,90925
Saddleback Valley Unified (Orange),1190,78959,84084,89371
Savanna Elementary (Orange),114,80599,88149,89292
Fountain Valley Elementary (Orange),277,73661,85451,88670
Capistrano Unified (Orange),2016,81876,89014,88025
Cypress Elementary (Orange),189,80136,85981,87898
Tustin Unified (Orange),986,76953,86495,87448
Orange Unified (Orange),1059,73765,83902,86774
Placentia-Yorba Linda Unified (Orange),1123,77275,85266,85428
Irvine Unified (Orange),1584,74022,81988,84323
Brea-Olinda Unified (Orange),250,71519,80973,83616
Roseville Joint Union High (Placer),444,74262,86527,89424
Roseville City Elementary (Placer),569,72519,82751,85382
Tahoe-Truckee Unified (Placer),281,74284,80358,85371
Dry Creek Joint Elementary (Placer),335,71201,81141,82550
Rocklin Unified (Placer),572,67442,75676,81298
Placer Union High (Placer),176,68018,76898,80760
Western Placer Unified (Placer),338,68795,78395,79810
Eureka Union Elementary (Placer),168,72225,78765,79781
Placer County Office of Ed. (Placer),59,67256,77626,79312
Loomis Union Elementary (Placer),115,63696,71955,74004
Auburn Union Elementary (Placer),103,59299,68019,70801
Newcastle Elementary (Placer),24,60584,71632,69985
Placer Hills Elementary (Placer),39,64318,65158,67479
Ackerman Elementary (Placer),29,58106,65143,65667
Foresthill Union Elementary (Placer),21,0,60706,63637
Plumas Unified (Plumas),120,59586,59006,57358
Corona-Norco Unified (Riverside),2485,82178,97905,101255
Alvord Unified (Riverside),766,79909,92673,97548
Perris Union High (Riverside),386,74802,93194,95428
Riverside Unified (Riverside),1855,79035,94861,95171
Coachella Valley Unified (Riverside),842,71530,92713,94540
Jurupa Unified (Riverside),973,77929,89656,91907
Lake Elsinore Unified (Riverside),1002,73217,88021,90411
Desert Sands Unified (Riverside),1278,75733,89889,89892
Nuview Union Elementary (Riverside),94,69395,82828,89265
Temecula Valley Unified (Riverside),1244,79039,87184,88890
Murrieta Valley Unified (Riverside),932,82681,87542,88700
Val Verde Unified (Riverside),890,71561,83822,88491
Palm Springs Unified (Riverside),1172,73970,87928,88407
Perris Elementary (Riverside),279,76530,85263,88062
Moreno Valley Unified (Riverside),1532,73232,84397,87184
Romoland Elementary (Riverside),179,77079,85027,86635
Hemet Unified (Riverside),1043,71130,82190,85496
Desert Center Unified (Riverside),2,53669,78204,83976
Menifee Union Elementary (Riverside),459,75811,82871,83069
San Jacinto Unified (Riverside),482,71702,81696,79783
Beaumont Unified (Riverside),457,69629,78487,79525
Palo Verde Unified (Riverside),134,64203,75325,78008
Banning Unified (Riverside),256,66779,74832,74527
Sacramento County Office of Ed. (Sacramento),125,72051,79319,82990
Elk Grove Unified (Sacramento),3202,71340,80261,81565
Galt Joint Union High (Sacramento),112,68246,80319,81559
Galt Joint Union Elementary (Sacramento),183,69975,75606,78761
Twin Rivers Unified (Sacramento),1305,71162,76166,78115
San Juan Unified (Sacramento),2071,71583,76673,78090
Folsom-Cordova Unified (Sacramento),976,70192,76858,77434
Center Joint Unified (Sacramento),219,71155,76717,76842
Sacramento City Unified (Sacramento),2315,65695,73236,75296
Arcohe Union Elementary (Sacramento),25,65793,65447,69077
Natomas Unified (Sacramento),543,66720,68850,68588
River Delta Joint Unified (Sacramento),111,51928,58396,58079
San Benito High (San Benito),130,67747,78378,80955
Hollister Elementary (San Benito),275,70820,75161,76492
North County Joint Union Elem. (San Benito),35,63912,73836,74575
Aromas/San Juan Unified (San Benito),55,67955,68914,71039
Chaffey Union High (San Bernardino),996,83285,98858,102311
San Bernardino Co. Office of Ed. (San Bernardino),274,77142,90764,92837
Ontario-Montclair Elementary (San Bernardino),1091,74093,87821,91106
Victor Valley Union High (San Bernardino),424,65475,null,90624
Mountain View Elementary (San Bernardino),103,80269,87656,89721
Fontana Unified (San Bernardino),1772,72272,84509,88170
Yucaipa-Calimesa Joint Unified (San Bernardino),440,74535,84535,86565
San Bernardino City Unified (San Bernardino),2616,73599,85252,86401
Chino Unified (San Bernardino),1283,78442,83150,86352
Rialto Unified (San Bernardino),1183,75614,84038,86338
Etiwanda Elementary (San Bernardino),672,75682,81495,85751
Hesperia Unified (San Bernardino),1002,67156,81656,85362
Victor Elementary (San Bernardino),553,77084,85517,84936
Redlands Unified (San Bernardino),1127,76518,85061,84929
Alta Loma Elementary (San Bernardino),249,73199,81404,84476
Apple Valley Unified (San Bernardino),616,71164,79336,83395
Colton Joint Unified (San Bernardino),1059,69525,82085,82937
Adelanto Elementary (San Bernardino),391,64161,81514,82719
Cucamonga Elementary (San Bernardino),136,73651,80591,82302
Upland Unified (San Bernardino),552,71522,80166,82293
Bear Valley Unified (San Bernardino),105,70845,77713,81529
Snowline Joint Unified (San Bernardino),369,68615,77941,80705
Morongo Unified (San Bernardino),424,69869,75941,77850
Barstow Unified (San Bernardino),270,64481,75005,77485
Helendale Elementary (San Bernardino),50,61216,70489,77016
Needles Unified (San Bernardino),50,70510,74119,76725
Central Elementary (San Bernardino),219,72167,74776,76015
Rim of the World Unified (San Bernardino),145,64534,70313,72709
Silver Valley Unified (San Bernardino),125,62121,69479,69446
Oro Grande Elementary (San Bernardino),4,0,null,68259
Mt. Baldy Joint Elementary (San Bernardino),5,0,null,56948
San Dieguito Union High (San Diego),565,79667,103164,104405
San Diego County Office of Ed. (San Diego),230,78001,91863,94856
Solana Beach Elementary (San Diego),201,78731,86880,90710
Del Mar Union Elementary (San Diego),269,77305,88302,90187
Cardiff Elementary (San Diego),45,0,83975,87917
La Mesa-Spring Valley Elem. (San Diego),584,76712,86058,87249
Sweetwater Union High (San Diego),1781,78048,87617,86862
South Bay Union Elementary (San Diego),381,72469,85055,86738
San Ysidro Elementary (San Diego),232,73103,82180,86430
Carlsbad Unified (San Diego),503,74077,81643,85233
Encinitas Union Elementary (San Diego),274,75386,80974,84529
Grossmont Union High (San Diego),763,73414,84020,84316
San Diego City Unified (San Diego),5506,69748,80624,83542
Rancho Santa Fe Elementary (San Diego),64,71845,80401,83476
Vista Unified (San Diego),1100,67836,79086,83188
Lemon Grove Elementary (San Diego),184,71900,79752,83181
Valley Center-Pauma Unified (San Diego),192,78583,81073,82955
Oceanside City Unified (San Diego),821,76276,81388,82434
Chula Vista Elementary (San Diego),1374,67803,78751,81733
Fallbrook Union Elementary (San Diego),258,72574,78862,81360
Escondido Union High (San Diego),365,65567,78494,81232
San Marcos Unified (San Diego),1076,68567,77016,80122
National Elementary (San Diego),291,67358,76870,80038
Escondido Union Elementary (San Diego),934,69791,76887,80013
Poway Unified (San Diego),1562,72715,79082,79856
Cajon Valley Union Elementary (San Diego),872,72225,80648,79794
Santee Elementary (San Diego),336,72734,78937,78552
Fallbrook Union High (San Diego),101,72624,78685,78547
Coronado Unified (San Diego),171,65417,73871,77735
Alpine Union Elementary (San Diego),80,67521,73324,77094
Lakeside Union Elementary (San Diego),270,67835,74595,76958
Ramona City Unified (San Diego),274,68302,73089,75391
San Pasqual Union Elementary (San Diego),31,61636,71530,75138
Bonsall Unified (San Diego),138,62210,69214,69598
Julian Union High (San Diego),10,0,null,67102
Jamul-Dulzura Un Elementary (San Diego),27,67275,69955,66520
Borrego Springs Unified (San Diego),29,0,null,65678
Mountain Empire Unified (San Diego),112,53236,61683,61040
San Francisco Unified (San Francisco),3660,64434,73379,75872
Manteca Unified (San Joaquin),1210,70209,80285,80457
Tracy Joint Unified (San Joaquin),665,69366,76982,80013
Stockton City Unified (San Joaquin),1823,61632,75370,76001
Lodi Unified (San Joaquin),1487,66178,73304,75702
Lincoln Unified (San Joaquin),490,65809,69459,75543
Oak View Union Elementary (San Joaquin),19,63586,72506,74901
Escalon Unified (San Joaquin),138,65734,73837,73832
Ripon Unified (San Joaquin),155,64303,69803,72732
Jefferson Elementary (San Joaquin),114,64392,76305,72470
Linden Unified (San Joaquin),111,0,69553,71593
Banta Elementary (San Joaquin),18,64223,67095,71229
Lammersville Joint Unified (San Joaquin),260,55820,65580,69595
San Joaquin County Office of Ed. (San Joaquin),262,61809,64347,64728
New Jerusalem Elementary (San Joaquin),10,0,62267,63979
New Hope Elementary (San Joaquin),14,49476,57704,60975
San Luis Coastal Unified (San Luis Obispo),393,71525,75649,76948
Coast Unified (San Luis Obispo),41,68103,77006,75481
Paso Robles Joint Unified (San Luis Obispo),340,62545,72718,74121
San Luis Obispo Co. Office of Ed. (San Luis Obispo),33,65113,74876,73961
Templeton Unified (San Luis Obispo),122,62507,69203,70279
Lucia Mar Unified (San Luis Obispo),569,62800,68618,69127
Cayucos Elementary (San Luis Obispo),16,71208,67280,68697
Atascadero Unified (San Luis Obispo),245,65016,67640,67286
San Miguel Jt Union Elementary (San Luis Obispo),40,0,63937,65974
Pleasant Valley Jt Union Elem. (San Luis Obispo),6,58901,62604,60912
Shandon Joint Unified (San Luis Obispo),22,58336,59913,59886
San Mateo Union High (San Mateo),506,91599,105873,110144
Hillsborough City Elementary (San Mateo),109,91391,106374,109977
Woodside Elementary (San Mateo),42,90304,104901,109001
Las Lomitas Elementary (San Mateo),94,95830,105639,108265
Portola Valley Elementary (San Mateo),46,0,101829,106876
Sequoia Union High (San Mateo),574,87650,101580,105215
San Mateo County Office of Ed. (San Mateo),83,85419,76024,91609
Belmont-Redwood Shores Elem. (San Mateo),212,72223,85285,86816
San Carlos Elementary (San Mateo),164,74361,82156,85861
San Mateo-Foster City Elem. (San Mateo),566,67689,82872,85329
Millbrae Elementary (San Mateo),116,69160,79905,82192
Burlingame Elementary (San Mateo),177,69065,78513,81920
Redwood City Elementary (San Mateo),358,70822,77959,81144
Jefferson Elementary (San Mateo),297,63674,77468,78215
South San Francisco Unified (San Mateo),456,62602,75089,78059
Cabrillo Unified (San Mateo),152,0,null,73886
La Honda-Pescadero Unified (San Mateo),25,58546,70010,73203
Ravenswood City Elementary (San Mateo),138,60731,69622,72029
San Bruno Park Elementary (San Mateo),127,64788,70906,71509
Jefferson Union High (San Mateo),225,65205,68873,70369
Pacifica School District (San Mateo),130,59122,67912,69032
Montecito Union Elementary (Santa Barbara),35,99960,111603,115740
Ballard Elementary (Santa Barbara),8,87164,97766,101960
Cold Spring Elementary (Santa Barbara),14,0,91103,93988
Goleta Union Elementary (Santa Barbara),200,78135,87509,92447
Hope Elementary (Santa Barbara),44,75467,86760,89451
Santa Maria Joint Union High (Santa Barbara),401,76671,86628,88901
Santa Barbara Co. Office of Ed. (Santa Barbara),81,null,78523,84359
Santa Maria-Bonita Elementary (Santa Barbara),858,74999,82588,84340
Santa Ynez Valley Union High (Santa Barbara),40,72315,79918,83759
Guadalupe Union Elementary (Santa Barbara),68,76917,82856,83598
Lompoc Unified (Santa Barbara),449,0,76336,76881
Santa Barbara Unified (Santa Barbara),675,69726,76314,76685
Orcutt Union Elementary (Santa Barbara),242,73592,76649,75773
Los Olivos Elementary (Santa Barbara),11,57275,73916,75348
Carpinteria Unified (Santa Barbara),129,59935,null,72275
Buellton Union Elementary (Santa Barbara),46,0,67483,67907
Cuyama Joint Unified (Santa Barbara),15,59216,null,63848
Solvang Elementary (Santa Barbara),28,61486,62744,63704
Blochman Union Elementary (Santa Barbara),11,56368,57629,58553
Mountain View-Los Altos Un High (Santa Clara),259,null,132580,136478
Palo Alto Unified (Santa Clara),846,91841,109894,113022
Los Gatos-Saratoga Jt Union High (Santa Clara),187,97125,109866,112103
Santa Clara Unified (Santa Clara),885,78579,106910,111914
Fremont Union High (Santa Clara),486,80565,100941,107229
Los Gatos Union Elementary (Santa Clara),148,82359,99776,105197
Saratoga Union Elementary (Santa Clara),113,84470,100963,103758
Evergreen Elementary (Santa Clara),499,82899,94781,96244
Santa Clara County Office of Ed. (Santa Clara),170,77272,91667,95977
East Side Union High (Santa Clara),1149,80860,88797,94375
Franklin-Mckinley Elementary (Santa Clara),376,77848,88199,92055
Sunnyvale Elementary (Santa Clara),376,71220,88001,91857
Luther Burbank Elementary (Santa Clara),24,72027,null,91744
Cupertino Union Elementary (Santa Clara),809,76035,87945,90146
Milpitas Unified (Santa Clara),468,77522,87372,89916
Campbell Union Elementary (Santa Clara),395,71973,85584,89155
Alum Rock Union Elementary (Santa Clara),524,71708,87160,88855
Mountain View-Whisman Elementary (Santa Clara),289,109318,82977,88471
Berryessa Union Elementary (Santa Clara),327,69584,85386,87702
Union Elementary (Santa Clara),277,70912,84538,87144
Los Altos Elementary (Santa Clara),252,73795,86219,86976
Campbell Union High (Santa Clara),391,71459,82939,86460
Orchard Elementary (Santa Clara),44,67724,78906,86217
Cambrian Elementary (Santa Clara),173,77669,84472,85638
Oak Grove Elementary (Santa Clara),486,71179,82885,85351
Moreland Elementary (Santa Clara),228,73062,81312,84595
Morgan Hill Unified (Santa Clara),382,67099,78079,81305
Gilroy Unified (Santa Clara),516,69390,76424,80655
Mt. Pleasant Elementary (Santa Clara),120,66803,75027,78236
San Jose Unified (Santa Clara),1600,67386,76253,76442
Loma Prieta Joint Elementary (Santa Clara),30,64562,71005,72411
Santa Cruz City Schools (Santa Cruz),344,61840,76656,77764
Santa Cruz County Office of Ed. (Santa Cruz),68,null,71011,73561
San Lorenzo Valley Unified (Santa Cruz),124,63744,69495,71804
Live Oak Elementary (Santa Cruz),93,61586,70806,70653
Bonny Doon Elementary (Santa Cruz),8,58814,65652,66690
Pajaro Valley Joint Unified (Santa Cruz),1067,60890,null,66666
Soquel Elementary (Santa Cruz),101,63810,66740,66481
Happy Valley Elementary (Santa Cruz),7,62424,67034,65880
Scotts Valley Unified (Santa Cruz),112,59810,63898,63668
Shasta Union High (Shasta),209,66674,74504,76402
Enterprise Elementary (Shasta),197,63644,71166,74937
Grant Elementary (Shasta),32,64516,71376,73079
Anderson Union High (Shasta),91,63653,71004,69973
Redding Elementary (Shasta),148,60372,67696,68293
Black Butte Union Elementary (Shasta),13,55121,65020,67532
Columbia Elementary (Shasta),42,60439,65097,67279
Gateway Unified (Shasta),131,58374,67051,66373
Cascade Union Elementary (Shasta),56,58661,64431,66157
North Cow Creek Elementary (Shasta),13,0,67312,66118
Cottonwood Union Elementary (Shasta),46,64027,66734,65714
Fall River Joint Unified (Shasta),74,50990,61718,63568
Happy Valley Union Elementary (Shasta),28,0,62754,63083
Junction Elementary (Shasta),14,50119,60117,61690
Pacheco Union Elementary (Shasta),37,53184,59130,61401
Millville Elementary (Shasta),13,50569,57385,59869
"Igo, Ono, Platina Un Elementary (Shasta)",2,42045,54853,56998
Shasta Union Elementary (Shasta),8,47067,55905,56063
Oak Run Elementary (Shasta),4,0,40710,42132
Sierra-Plumas Joint Unified (Sierra),28,56544,60488,61814
Yreka Union High (Siskiyou),35,69899,78274,79891
Mt. Shasta Union Elementary (Siskiyou),31,59447,63668,67312
Siskiyou County Office of Ed. (Siskiyou),26,51868,62637,64329
Siskiyou Union High (Siskiyou),38,53892,null,61620
Mccloud Union Elementary (Siskiyou),3,53160,49233,56825
Dunsmuir Elementary (Siskiyou),4,50460,60907,56472
Scott Valley Unified (Siskiyou),39,54037,54945,56250
Butteville Union Elementary (Siskiyou),10,47515,54636,55800
Weed Union Elementary (Siskiyou),18,53724,null,55374
Delphic Elementary (Siskiyou),3,0,50823,50823
Hornbrook Elementary (Siskiyou),4,43898,47642,49815
Dunsmuir Joint Union High (Siskiyou),8,40071,47016,49723
Gazelle Union Elementary (Siskiyou),2,0,44475,45768
Little Shasta Elementary (Siskiyou),2,47917,38788,45620
Bogus Elementary (Siskiyou),1,44300,45939,40756
Benicia Unified (Solano),235,70449,77173,78947
Travis Unified (Solano),269,66104,71905,75320
Solano County Office of Ed. (Solano),64,0,71501,73866
Vallejo City Unified (Solano),485,59581,68442,71263
Fairfield-Suisun Unified (Solano),1051,65657,68925,70587
Vacaville Unified (Solano),623,63420,68239,67687
Dixon Unified (Solano),174,62463,68436,67529
Piner-Olivet Union Elementary (Sonoma),60,73188,73375,80098
Mark West Union Elementary (Sonoma),75,63769,74178,78488
Waugh Elementary (Sonoma),43,74130,79558,77969
Liberty Elementary (Sonoma),11,64044,74396,77395
Sonoma County Office of Ed. (Sonoma),88,65835,72238,75263
Santa Rosa City Schools (Sonoma),793,70341,73705,74869
Gravenstein Union Elementary (Sonoma),48,58345,69447,73494
Bellevue Union Elementary (Sonoma),78,64932,null,73094
Petaluma City Schools (Sonoma),373,64454,71194,72581
Oak Grove Union Elementary (Sonoma),45,0,68798,72313
Harmony Union Elementary (Sonoma),16,65073,null,72202
Wright Elementary (Sonoma),84,60537,68234,71841
Healdsburg Unified (Sonoma),84,65257,66270,70503
Rincon Valley Union Elementary (Sonoma),209,62254,68757,69193
Sebastopol Union Elementary (Sonoma),26,65999,70345,68670
Dunham Elementary (Sonoma),14,0,67450,68660
Bennett Valley Un Elementary (Sonoma),55,59460,66762,68432
Roseland Elementary (Sonoma),144,55086,65829,68429
Wilmar Union Elementary (Sonoma),12,58807,64568,67385
West Sonoma County Union High (Sonoma),101,64202,68610,67081
Cloverdale Unified (Sonoma),80,61162,68470,66325
Sonoma Valley Unified (Sonoma),198,61060,65909,66284
Montgomery Elementary (Sonoma),3,0,63838,66129
Windsor Unified (Sonoma),276,59892,63695,65678
West Side Union Elementary (Sonoma),9,0,64439,65369
Guerneville Elementary (Sonoma),15,0,59904,64950
Cinnabar Elementary (Sonoma),17,0,63704,64015
Cotati-Rohnert Park Unified (Sonoma),300,57823,62696,63905
Twin Hills Union Elementary (Sonoma),66,55605,61081,62529
Horicon Elementary (Sonoma),5,57871,57137,61639
Forestville Union Elementary (Sonoma),16,59294,60632,60971
Geyserville Unified (Sonoma),20,60529,60691,60871
Two Rock Union Elementary (Sonoma),10,62890,61229,57580
Kashia Elementary (Sonoma),1,0,54472,54472
Modesto City Schools (Stanislaus),1379,81720,90623,93066
Salida Union Elementary (Stanislaus),95,75092,82240,86885
Turlock Unified (Stanislaus),694,71062,80997,85120
Hart-Ransom Union Elementary (Stanislaus),55,0,80387,84474
Hickman Elementary (Stanislaus),47,69837,80028,83803
Ceres Unified (Stanislaus),670,70190,78954,82555
Stanislaus Union Elementary (Stanislaus),170,71462,81447,81276
Hughson Unified (Stanislaus),96,70424,81076,81070
Waterford Unified (Stanislaus),84,69242,77155,79693
Stanislaus County Office of Ed (Stanislaus),162,74616,78817,79529
Empire Union Elementary (Stanislaus),143,68916,76333,79499
Oakdale Unified (Stanislaus),242,68155,76121,79071
Keyes Union Elementary (Stanislaus),42,67298,79694,78795
Sylvan Union Elementary (Stanislaus),432,67655,75429,78093
Chatom Union Elementary (Stanislaus),28,68768,75832,75978
Riverbank Unified (Stanislaus),133,64428,73174,75761
Patterson Joint Unified (Stanislaus),314,62176,71576,75464
Newman-Crows Landing Unified (Stanislaus),145,65689,74701,73122
Roberts Ferry Union Elementary (Stanislaus),9,0,69083,67843
Gratton Elementary (Stanislaus),9,50913,59730,65965
Shiloh Elementary (Stanislaus),9,0,60124,63687
Denair Unified (Stanislaus),74,63050,60128,59611
Valley Home Joint Elementary (Stanislaus),8,52257,null,53920
Knights Ferry Elementary (Stanislaus),7,56465,51261,48985
Franklin Elementary (Sutter),22,69510,80941,80439
Yuba City Unified (Sutter),621,60668,73167,75835
Live Oak Unified (Sutter),99,61458,70633,73026
Sutter Union High (Sutter),33,59953,65462,68123
Sutter County Office of Ed. (Sutter),59,61742,68754,67594
Brittan Elementary (Sutter),21,68816,71939,67577
East Nicolaus Joint Union High (Sutter),15,63997,61797,65049
Marcum-Illinois Un Elementary (Sutter),10,44450,48935,49875
Browns Elementary (Sutter),10,0,null,46995
Red Bluff Union High (Tehama),90,69015,71935,75643
Lassen View Union Elementary (Tehama),16,0,69590,72625
Evergreen Union Elementary (Tehama),55,64171,68824,72125
Antelope Elementary (Tehama),38,63219,69385,70913
Gerber Union Elementary (Tehama),21,67812,69571,70531
Tehama County Office of Ed. (Tehama),23,58984,65619,68272
Corning Union Elementary (Tehama),104,58294,66382,68014
Red Bluff Union Elementary (Tehama),109,60329,64414,67642
Richfield Elementary (Tehama),12,0,65200,64999
Reeds Creek Elementary (Tehama),8,0,null,55176
Flournoy Union Elementary (Tehama),1,0,53905,53905
Mountain Valley Unified (Trinity),16,53111,null,63631
Southern Trinity Joint Unified (Trinity),11,54671,58995,59137
Douglas City Elementary (Trinity),11,50963,53355,56029
Tulare County Office of Ed. (Tulare),237,74265,88441,91658
Tulare Joint Union High (Tulare),248,69595,83528,85392
Tulare City Elementary (Tulare),499,72244,81695,84026
Porterville Unified (Tulare),687,71239,82921,83039
Strathmore Union Elementary (Tulare),35,59668,76278,82353
Terra Bella Union Elementary (Tulare),47,63080,77510,81966
Tipton Elementary (Tulare),27,64456,76009,79925
Dinuba Unified (Tulare),312,65331,77881,79857
Columbine Elementary (Tulare),9,73416,80797,79772
Lindsay Unified (Tulare),198,65306,76738,79644
Richgrove Elementary (Tulare),34,67299,77235,79595
Woodville Elementary (Tulare),21,65763,77580,79071
Sundale Union Elementary (Tulare),36,63629,78126,78315
Visalia Unified (Tulare),1175,64749,73249,75989
Pleasant View Elementary (Tulare),24,61235,74247,75938
Palo Verde Union Elementary (Tulare),26,66883,78442,75751
Farmersville Unified (Tulare),132,65969,73395,75113
Cutler-Orosi Joint Unified (Tulare),212,62457,74019,75065
Burton Elementary (Tulare),219,62358,71545,74946
Exeter Unified (Tulare),128,65861,71290,74322
Kings River Union Elementary (Tulare),23,69014,74399,73400
Earlimart Elementary (Tulare),80,62793,70450,73305
Woodlake Unified (Tulare),104,58506,68000,73252
Alta Vista Elementary (Tulare),28,65850,70632,72900
Pixley Union Elementary (Tulare),56,61243,68263,71888
Oak Valley Union Elementary (Tulare),28,57018,67887,70774
Rockford Elementary (Tulare),18,61329,67203,70679
Springville Union Elementary (Tulare),16,58469,65857,70081
Traver Joint Elementary (Tulare),11,58091,66564,69941
Monson-Sultana Jt Union Elem. (Tulare),21,64603,71391,68367
Sunnyside Union Elementary (Tulare),18,59755,65988,66655
Buena Vista Elementary (Tulare),10,55420,63296,66638
Sequoia Union Elementary (Tulare),16,58023,65837,64672
Saucelito Elementary (Tulare),5,52443,65323,64071
Liberty Elementary (Tulare),26,53718,59386,62251
Alpaugh Unified (Tulare),17,49720,60491,59898
Waukena Jt Union Elementary (Tulare),10,46832,59249,59670
Hope Elementary (Tulare),11,51119,55050,57114
Outside Creek Elementary (Tulare),4,46595,50135,53346
Stone Corral Elementary (Tulare),5,49545,51505,52273
Ducor Union Elementary (Tulare),11,53137,51253,52168
Three Rivers Union Elementary (Tulare),7,41849,45601,47139
Allensworth Elementary (Tulare),5,51204,42721,44189
Twain Harte-Long Barn Un Elem. (Tuolumne),15,70810,82081,85327
Sonora Union High (Tuolumne),46,65863,71137,74569
Curtis Creek Elementary (Tuolumne),23,59652,66424,64483
Big Oak Flat-Groveland Unified (Tuolumne),23,63428,62508,64430
Jamestown Elementary (Tuolumne),23,62927,64767,63311
Soulsbyville Elementary (Tuolumne),30,61598,63114,62992
Columbia Union Elementary (Tuolumne),26,55231,60790,62006
Hueneme Elementary (Ventura),403,80272,92783,93196
Oxnard Union High (Ventura),725,75554,90194,91581
Oak Park Unified (Ventura),201,73629,85414,88959
Conejo Valley Unified (Ventura),909,72230,83936,84606
Rio Elementary (Ventura),240,66030,78504,81239
Oxnard Elementary (Ventura),800,72267,81076,81201
Simi Valley Unified (Ventura),747,68723,78540,80731
Santa Paula Unified (Ventura),298,66562,77740,79608
Pleasant Valley School District (Ventura),296,67350,76695,78817
Ventura Unified (Ventura),800,68107,76589,77464
Mupu Elementary (Ventura),9,63172,null,74500
Ventura County Office of Ed. (Ventura),141,66742,74661,74136
Somis Union Elementary (Ventura),14,62454,70299,73476
Fillmore Unified (Ventura),191,65474,71712,72705
Moorpark Unified (Ventura),277,67759,70197,72354
Mesa Union Elementary (Ventura),30,71419,71210,71464
Briggs Elementary (Ventura),31,66196,70760,68190
Ojai Unified (Ventura),109,62560,64894,67056
Santa Clara Elementary (Ventura),2,55135,64070,57987
Washington Unified (Yolo),404,59003,71171,72656
Winters Joint Unified (Yolo),82,64551,69382,72321
Esparto Unified (Yolo),48,0,69721,72172
Davis Joint Unified (Yolo),453,67244,72256,70675
Woodland Joint Unified (Yolo),610,60968,69150,68811
Yolo County Office of Ed. (Yolo),35,58028,61188,63004
Wheatland Elementary (Yuba),66,75173,83602,81182
Marysville Joint Unified (Yuba),447,64386,75763,76268
Wheatland High (Yuba),35,0,71181,71480
Plumas Elementary (Yuba),73,53961,62094,63423
Yuba County Office of Ed. (Yuba),64,56992,57195,60126
Camptonville Elementary (Yuba),3,47190,50697,53816